{"stats":{"minecraft:used":{"minecraft:netherite_sword":6,"minecraft:stone_sword":8,"minecraft:bow":2},"minecraft:killed":{"minecraft:spider":1,"minecraft:skeleton":1,"minecraft:zombie":4},"minecraft:custom":{"minecraft:time_since_rest":12460,"minecraft:deaths":35,"minecraft:crouch_one_cm":269,"minecraft:play_time":332677,"minecraft:sprint_one_cm":2443,"minecraft:walk_one_cm":13176,"minecraft:damage_taken":3702,"minecraft:sneak_time":97,"minecraft:mob_kills":6,"minecraft:damage_dealt_resisted":132,"minecraft:jump":187,"minecraft:damage_dealt":868,"minecraft:leave_game":14,"minecraft:time_since_death":12408,"minecraft:climb_one_cm":4409,"minecraft:total_world_time":332677,"minecraft:fall_one_cm":8713,"minecraft:fly_one_cm":9672,"minecraft:player_kills":4},"minecraft:picked_up":{"minecraft:rotten_flesh":4,"minecraft:wheat_seeds":1,"minecraft:dirt":17},"minecraft:mined":{"minecraft:grass_block":1,"minecraft:fern":1},"minecraft:killed_by":{"minecraft:skeleton":1,"minecraft:player":9,"minecraft:enderman":1}},"DataVersion":3700}