{"stats":{"minecraft:killed_by":{"minecraft:creeper":1,"minecraft:witch":1,"minecraft:zombie":17,"minecraft:player":26,"minecraft:spider":1,"minecraft:enderman":3,"minecraft:iron_golem":4,"minecraft:ender_dragon":2,"minecraft:warden":2,"minecraft:skeleton":1,"minecraft:wither":8},"minecraft:broken":{"minecraft:wooden_sword":16,"minecraft:fishing_rod":5,"minecraft:netherite_leggings":3},"minecraft:dropped":{"minecraft:iron_sword":1,"minecraft:repeating_command_block":1,"minecraft:soul_sand":104,"minecraft:porkchop":37,"minecraft:warped_fungus":5,"minecraft:cooked_beef":19,"minecraft:glass_bottle":3,"minecraft:ender_pearl":705,"minecraft:diamond":1,"minecraft:nether_star":18,"minecraft:cooked_porkchop":3,"minecraft:leather":40,"minecraft:bedrock":2,"minecraft:elytra":2,"minecraft:cod":66,"minecraft:music_disc_11":2,"minecraft:music_disc_13":2,"minecraft:dirt":90,"minecraft:deepslate_gold_ore":64,"minecraft:mutton":3,"minecraft:netherite_boots":1,"minecraft:wooden_sword":1,"minecraft:gold_nugget":4,"minecraft:bone_meal":1,"minecraft:deepslate_coal_ore":65,"minecraft:sugar":1,"minecraft:fermented_spider_eye":11,"minecraft:fishing_rod":3,"minecraft:music_disc_stal":1,"minecraft:white_wool":8,"minecraft:end_crystal":169,"minecraft:bone":818,"minecraft:lever":1,"minecraft:music_disc_chirp":1,"minecraft:cooked_chicken":7,"minecraft:cobbled_deepslate":5,"minecraft:netherite_sword":7,"minecraft:obsidian":178,"minecraft:rotten_flesh":1663,"minecraft:enchanted_golden_apple":59,"minecraft:netherite_shovel":1,"minecraft:glowstone_dust":1,"minecraft:end_stone":210,"minecraft:deepslate_emerald_ore":64,"minecraft:salmon":2,"minecraft:carrot":193,"minecraft:poppy":15,"minecraft:rabbit_hide":7,"minecraft:gunpowder":1752,"minecraft:deepslate_copper_ore":64,"minecraft:coal_ore":1,"minecraft:spruce_pressure_plate":64,"minecraft:music_disc_mall":1,"minecraft:iron_bars":13,"minecraft:arrow":16,"minecraft:beef":8,"minecraft:quartz":66,"minecraft:egg":6,"minecraft:firework_rocket":353,"minecraft:enchanted_book":6,"minecraft:iron_ingot":39,"minecraft:netherite_pickaxe":1,"minecraft:wheat_seeds":5,"minecraft:deepslate_redstone_ore":64,"minecraft:deepslate_iron_ore":64,"minecraft:deepslate_diamond_ore":66,"minecraft:netherite_helmet":1,"minecraft:feather":22,"minecraft:cobblestone":38,"minecraft:frogspawn":2,"minecraft:tropical_fish":70,"minecraft:grass_block":8,"minecraft:coal":512,"minecraft:stick":76,"minecraft:pufferfish":3,"minecraft:cobweb":3,"minecraft:nether_gold_ore":1,"minecraft:golden_carrot":66,"minecraft:ink_sac":7,"minecraft:sculk_catalyst":660,"minecraft:wooden_axe":1,"minecraft:potion":4,"minecraft:music_disc_ward":1,"minecraft:wither_rose":1,"minecraft:music_disc_wait":1,"minecraft:paper":4,"minecraft:string":35,"minecraft:redstone_block":1,"minecraft:redstone":5,"minecraft:oak_trapdoor":1,"minecraft:netherite_ingot":3,"minecraft:ender_chest":64,"minecraft:chiseled_quartz_block":6,"minecraft:stone_sword":4,"minecraft:wither_skeleton_skull":110,"minecraft:villager_spawn_egg":1,"minecraft:ender_eye":10,"minecraft:deepslate_lapis_ore":64,"minecraft:shulker_box":1,"minecraft:shears":3,"minecraft:flint_and_steel":1,"minecraft:potato":129,"minecraft:oak_button":1,"minecraft:spider_eye":14,"minecraft:bow":2,"minecraft:nether_quartz_ore":1},"minecraft:killed":{"minecraft:cave_spider":1,"minecraft:zombified_piglin":93,"minecraft:spider":59,"minecraft:cod":32,"minecraft:dolphin":1,"minecraft:shulker":12,"minecraft:wither":42,"minecraft:skeleton":100,"minecraft:bee":1,"minecraft:chicken":20,"minecraft:tropical_fish":71,"minecraft:skeleton_horse":1,"minecraft:piglin_brute":21,"minecraft:wolf":1,"minecraft:magma_cube":38,"minecraft:piglin":45,"minecraft:pig":35,"minecraft:zombie_villager":3,"minecraft:iron_golem":106,"minecraft:ender_dragon":243,"minecraft:strider":30,"minecraft:creeper":1092,"minecraft:sheep":6,"minecraft:pillager":4,"minecraft:zombie":273,"minecraft:ghast":5,"minecraft:glow_squid":15,"minecraft:blaze":8,"minecraft:cow":31,"minecraft:vindicator":1,"minecraft:slime":10,"minecraft:horse":4,"minecraft:drowned":1,"minecraft:warden":40,"minecraft:husk":5,"minecraft:rabbit":1,"minecraft:bat":51,"minecraft:ravager":1,"minecraft:hoglin":2,"minecraft:squid":14,"minecraft:wither_skeleton":198,"minecraft:villager":3,"minecraft:enderman":1679},"minecraft:custom":{"minecraft:interact_with_crafting_table":63,"minecraft:open_shulker_box":14,"minecraft:leave_game":312,"minecraft:time_since_death":6529,"minecraft:damage_resisted":100189,"minecraft:sprint_one_cm":2773686,"minecraft:drop":426,"minecraft:talked_to_villager":36,"minecraft:deaths":207,"minecraft:play_time":4765844,"minecraft:jump":25468,"minecraft:walk_on_water_one_cm":97020,"minecraft:play_record":2,"minecraft:open_enderchest":3,"minecraft:damage_dealt":279410,"minecraft:interact_with_beacon":18,"minecraft:player_kills":22,"minecraft:crouch_one_cm":393775,"minecraft:inspect_dispenser":2,"minecraft:inspect_dropper":1,"minecraft:interact_with_anvil":14,"minecraft:mob_kills":4595,"minecraft:inspect_hopper":20,"minecraft:damage_dealt_resisted":22286,"minecraft:climb_one_cm":32044,"minecraft:walk_one_cm":3960451,"minecraft:damage_dealt_absorbed":463,"minecraft:raid_win":1,"minecraft:sneak_time":71647,"minecraft:walk_under_water_one_cm":302518,"minecraft:total_world_time":4765844,"minecraft:raid_trigger":3,"minecraft:interact_with_grindstone":3,"minecraft:time_since_rest":6570,"minecraft:damage_absorbed":14039,"minecraft:damage_taken":2147483647,"minecraft:swim_one_cm":239697,"minecraft:fly_one_cm":15369043,"minecraft:open_chest":269,"minecraft:aviate_one_cm":4896792,"minecraft:fall_one_cm":1502514},"minecraft:mined":{"minecraft:white_bed":1,"minecraft:cherry_log":1,"minecraft:obsidian":1,"minecraft:grass_block":71,"minecraft:cracked_polished_blackstone_bricks":5,"minecraft:spawner":1,"minecraft:polished_blackstone_bricks":2,"minecraft:fire":465,"minecraft:anvil":1,"minecraft:brown_mushroom":1,"minecraft:blackstone":1,"minecraft:powder_snow":1,"minecraft:torch":12,"minecraft:chest":26,"minecraft:dead_bush":1,"minecraft:iron_door":1,"minecraft:wall_torch":4,"minecraft:pink_petals":8,"minecraft:tnt":9,"minecraft:dirt":17,"minecraft:oak_leaves":2,"minecraft:deepslate":6,"minecraft:end_stone":124,"minecraft:redstone_wire":3,"minecraft:andesite":5,"minecraft:gold_block":1,"minecraft:vine":3,"minecraft:stone":47,"minecraft:soul_sand":11,"minecraft:short_grass":875,"minecraft:tall_grass":9,"minecraft:copper_ore":2,"minecraft:diorite":1,"minecraft:gravel":10,"minecraft:gray_carpet":1,"minecraft:cracked_stone_bricks":3,"minecraft:stone_bricks":5,"minecraft:mossy_stone_bricks":4,"minecraft:fern":226},"minecraft:crafted":{"minecraft:bow":1,"minecraft:netherite_boots":1,"minecraft:stick":1,"minecraft:stone_sword":1,"minecraft:elytra":1,"minecraft:cherry_planks":4,"minecraft:enchanted_golden_apple":2,"minecraft:netherite_leggings":1,"minecraft:netherite_shovel":1},"minecraft:used":{"minecraft:ender_dragon_spawn_egg":3,"minecraft:elytra":4,"minecraft:chest":11,"minecraft:stone":17,"minecraft:iron_sword":1,"minecraft:bell":3,"minecraft:rotten_flesh":3,"minecraft:iron_chestplate":1,"minecraft:soul_sand":316,"minecraft:nether_bricks":4,"minecraft:axolotl_bucket":1,"minecraft:obsidian":50,"minecraft:netherite_shovel":202,"minecraft:coal_ore":2,"minecraft:villager_spawn_egg":2,"minecraft:grass_block":46,"minecraft:deepslate_copper_ore":1,"minecraft:copper_ore":1,"minecraft:music_disc_stal":2,"minecraft:netherite_boots":4,"minecraft:bedrock":146,"minecraft:deepslate_diamond_ore":23,"minecraft:bow":24,"minecraft:egg":2,"minecraft:short_grass":2,"minecraft:emerald_ore":1,"minecraft:dropper":1,"minecraft:wither_skeleton_skull":224,"minecraft:gray_carpet":1,"minecraft:ender_pearl":15,"minecraft:oak_leaves":27,"minecraft:golden_apple":4,"minecraft:respawn_anchor":1,"minecraft:sand":3,"minecraft:netherite_leggings":4,"minecraft:deepslate_redstone_ore":1,"minecraft:netherite_helmet":3,"minecraft:deepslate_lapis_ore":1,"minecraft:end_stone":93,"minecraft:lever":7,"minecraft:firework_rocket":334,"minecraft:deepslate_iron_ore":1,"minecraft:barrier":5,"minecraft:lectern":1,"minecraft:diamond_ore":1,"minecraft:wooden_sword":38,"minecraft:grindstone":1,"minecraft:deepslate_coal_ore":5,"minecraft:bone_meal":5,"minecraft:oak_trapdoor":22,"minecraft:trident":22,"minecraft:netherite_sword":1478,"minecraft:iron_bars":6,"minecraft:stone_sword":2440,"minecraft:flint_and_steel":38,"minecraft:redstone_ore":1,"minecraft:redstone":25,"minecraft:wither_spawn_egg":6,"minecraft:ender_chest":1,"minecraft:deepslate_gold_ore":1,"minecraft:torch":23,"minecraft:dirt":46,"minecraft:anvil":1,"minecraft:hopper":1,"minecraft:nether_quartz_ore":1,"minecraft:shulker_box":2,"minecraft:spawner":1,"minecraft:totem_of_undying":7,"minecraft:golden_carrot":173,"minecraft:netherite_pickaxe":216,"minecraft:minecart":4,"minecraft:cooked_beef":22,"minecraft:enchanted_golden_apple":9,"minecraft:deepslate_emerald_ore":1,"minecraft:water_bucket":14,"minecraft:iron_ore":1,"minecraft:glass_bottle":6,"minecraft:netherite_chestplate":1,"minecraft:cherry_planks":4,"minecraft:beacon":11,"minecraft:gold_ore":1,"minecraft:light_gray_banner":1,"minecraft:rail":5,"minecraft:comparator":2,"minecraft:tnt":2,"minecraft:crafting_table":1,"minecraft:birch_sign":9,"minecraft:white_bed":13,"minecraft:endermite_spawn_egg":5,"minecraft:nether_gold_ore":2,"minecraft:ender_eye":103,"minecraft:command_block":3,"minecraft:oak_button":5,"minecraft:pig_spawn_egg":1,"minecraft:netherite_axe":21,"minecraft:lapis_ore":1,"minecraft:spruce_pressure_plate":2,"minecraft:pink_petals":18,"minecraft:fishing_rod":46,"minecraft:cobblestone":59,"minecraft:potion":6,"minecraft:end_crystal":369,"minecraft:cooked_porkchop":2,"minecraft:porkchop":2,"minecraft:bucket":2,"minecraft:repeating_command_block":34,"minecraft:end_portal_frame":80,"minecraft:kelp":7,"minecraft:sculk_catalyst":1,"minecraft:jukebox":1,"minecraft:splash_potion":1},"minecraft:picked_up":{"minecraft:shulker_shell":18,"minecraft:redstone_block":8,"minecraft:anvil":1,"minecraft:diamond_sword":1,"minecraft:enchanted_book":19,"minecraft:wither_rose":4,"minecraft:potion":8,"minecraft:string":344,"minecraft:pufferfish":5,"minecraft:activator_rail":16,"minecraft:gold_nugget":86,"minecraft:cobbled_deepslate":5,"minecraft:bucket":1,"minecraft:ender_eye":44,"minecraft:stick":90,"minecraft:torch":108,"minecraft:porkchop":190,"minecraft:netherite_shovel":5,"minecraft:cherry_log":1,"minecraft:end_crystal":125,"minecraft:golden_chestplate":1,"minecraft:stone_sword":7,"minecraft:rotten_flesh":3012,"minecraft:tropical_fish":68,"minecraft:music_disc_ward":1,"minecraft:netherite_chestplate":5,"minecraft:blaze_rod":12,"minecraft:music_disc_wait":1,"minecraft:obsidian":58,"minecraft:iron_bars":177,"minecraft:cod":31,"minecraft:cobblestone":71,"minecraft:pink_petals":18,"minecraft:feather":164,"minecraft:cooked_beef":105,"minecraft:magma_cream":43,"minecraft:chiseled_quartz_block":13,"minecraft:potato":76,"minecraft:wither_skeleton_skull":134,"minecraft:netherite_leggings":5,"minecraft:dirt":629,"minecraft:bone":1444,"minecraft:bow":8,"minecraft:wheat_seeds":99,"minecraft:glowstone_dust":2,"minecraft:powered_rail":12,"minecraft:cooked_porkchop":42,"minecraft:music_disc_13":2,"minecraft:axolotl_bucket":2,"minecraft:ink_sac":120,"minecraft:fermented_spider_eye":7,"minecraft:grass_block":448,"minecraft:sugar":2,"minecraft:diamond":4,"minecraft:netherite_helmet":5,"minecraft:bone_meal":7,"minecraft:golden_apple":3,"minecraft:emerald":50,"minecraft:bread":9,"minecraft:nether_star":247,"minecraft:chicken":99,"minecraft:chest_minecart":4,"minecraft:brown_mushroom":1,"minecraft:elytra":5,"minecraft:wooden_sword":6,"minecraft:item_frame":3,"minecraft:netherite_sword":7,"minecraft:beef":41,"minecraft:poppy":104,"minecraft:chest":1,"minecraft:egg":3,"minecraft:end_stone":282,"minecraft:music_disc_11":2,"minecraft:carrot":71,"minecraft:redstone":9,"minecraft:netherite_pickaxe":5,"minecraft:arrow":292,"minecraft:repeating_command_block":5,"minecraft:shears":1,"minecraft:saddle":2,"minecraft:totem_of_undying":4,"minecraft:mutton":42,"minecraft:rail":19,"minecraft:white_wool":49,"minecraft:netherite_boots":5,"minecraft:golden_carrot":65,"minecraft:glow_ink_sac":105,"minecraft:salmon":5,"minecraft:leather":72,"minecraft:music_disc_stal":2,"minecraft:bedrock":1,"minecraft:purpur_stairs":1,"minecraft:gunpowder":2159,"minecraft:paper":5,"minecraft:gray_carpet":1,"minecraft:pearlescent_froglight":5,"minecraft:kelp":4,"minecraft:rabbit_hide":7,"minecraft:iron_ingot":406,"minecraft:cooked_chicken":16,"minecraft:cobweb":129,"minecraft:frogspawn":7,"minecraft:glass_bottle":10,"minecraft:soul_sand":63,"minecraft:music_disc_chirp":1,"minecraft:book":1,"minecraft:sculk_catalyst":955,"minecraft:warped_fungus":3,"minecraft:quartz":8,"minecraft:gravel":1,"minecraft:white_bed":1,"minecraft:spider_eye":94,"minecraft:firework_rocket":246,"minecraft:music_disc_mall":1,"minecraft:pumpkin_seeds":8,"minecraft:slime_ball":3,"minecraft:black_wool":1,"minecraft:melon_seeds":17,"minecraft:coal":935,"minecraft:ender_pearl":2499}},"DataVersion":3839}