{"stats":{"minecraft:killed_by":{"minecraft:player":13},"minecraft:broken":{"minecraft:fishing_rod":2,"minecraft:wooden_sword":4},"minecraft:dropped":{"minecraft:ink_sac":1,"minecraft:fishing_rod":1,"minecraft:salmon":1,"minecraft:redstone":1},"minecraft:custom":{"minecraft:time_since_rest":337,"minecraft:sprint_one_cm":52785,"minecraft:inspect_dropper":1,"minecraft:damage_taken":8294,"minecraft:damage_absorbed":80,"minecraft:walk_one_cm":129908,"minecraft:drop":4,"minecraft:inspect_hopper":39,"minecraft:damage_dealt":2298,"minecraft:damage_dealt_absorbed":155,"minecraft:swim_one_cm":81086,"minecraft:fly_one_cm":218331,"minecraft:player_kills":11,"minecraft:open_chest":73,"minecraft:crouch_one_cm":2439,"minecraft:play_time":131712,"minecraft:deaths":27,"minecraft:sneak_time":2573,"minecraft:walk_under_water_one_cm":121266,"minecraft:jump":817,"minecraft:leave_game":7,"minecraft:walk_on_water_one_cm":63464,"minecraft:time_since_death":312,"minecraft:total_world_time":131712,"minecraft:fall_one_cm":10017,"minecraft:inspect_dispenser":1},"minecraft:mined":{"minecraft:seagrass":1},"minecraft:used":{"minecraft:sticky_piston":5,"minecraft:piston":2,"minecraft:water_bucket":4,"minecraft:command_block":2,"minecraft:light_weighted_pressure_plate":1,"minecraft:glass_bottle":5,"minecraft:redstone":22,"minecraft:dispenser":1,"minecraft:oak_button":3,"minecraft:barrier":139,"minecraft:spruce_pressure_plate":1,"minecraft:chest":1,"minecraft:sandstone":1,"minecraft:redstone_block":7,"minecraft:wooden_sword":12,"minecraft:potion":8,"minecraft:dirt":35,"minecraft:fishing_rod":47,"minecraft:sand":3,"minecraft:repeater":7,"minecraft:redstone_lamp":2,"minecraft:comparator":5,"minecraft:hopper":8,"minecraft:kelp":1,"minecraft:bone_meal":3,"minecraft:milk_bucket":1,"minecraft:seagrass":7,"minecraft:splash_potion":13,"minecraft:cobweb":2},"minecraft:picked_up":{"minecraft:fishing_rod":2,"minecraft:salmon":4,"minecraft:potion":8,"minecraft:ink_sac":4,"minecraft:grass_block":198,"minecraft:redstone":1,"minecraft:wooden_sword":1,"minecraft:firework_rocket":65,"minecraft:pufferfish":4,"minecraft:rotten_flesh":2,"minecraft:tropical_fish":2,"minecraft:kelp":12,"minecraft:frogspawn":4,"minecraft:glass_bottle":4,"minecraft:cod":4}},"DataVersion":3839}