{"stats":{"minecraft:custom":{"minecraft:time_since_rest":6513,"minecraft:damage_absorbed":612,"minecraft:walk_one_cm":41418,"minecraft:play_time":15426,"minecraft:sprint_one_cm":52093,"minecraft:deaths":2,"minecraft:damage_taken":330,"minecraft:jump":370,"minecraft:leave_game":1,"minecraft:time_since_death":6489,"minecraft:total_world_time":15426,"minecraft:climb_one_cm":604,"minecraft:damage_resisted":98,"minecraft:fly_one_cm":102612,"minecraft:fall_one_cm":35001},"minecraft:picked_up":{"minecraft:chicken":1,"minecraft:wheat_seeds":9,"minecraft:porkchop":2,"minecraft:mutton":1,"minecraft:white_wool":1},"minecraft:mined":{"minecraft:short_grass":26,"minecraft:fern":9},"minecraft:used":{"minecraft:golden_apple":3,"minecraft:netherite_boots":1,"minecraft:netherite_sword":2,"minecraft:stone_sword":32,"minecraft:golden_carrot":1,"minecraft:netherite_leggings":2,"minecraft:netherite_chestplate":2,"minecraft:netherite_helmet":2}},"DataVersion":3700}